Place,demonym
New York,New Yorker
Los Angeles,Angeleno
Chicago,Chicagoan
Houston,Houstonian
Philadelphia,Philadelphian
Phoenix,Phoenician
San Francisco,San Franciscan
Boston,Bostonian
Seattle,Seattleite
Miami,Miamian
Dallas,Dallasite
Denver,Denverite
Atlanta,Atlantan
Las Vegas,Las Vegan
San Diego,San Diegan
Portland,Portlander
Austin,Austinite
Nashville,Nashvillian
San Antonio,San Antonian
Minneapolis,Minneapolitan
Detroit,Detroiter
Orlando,Orlandoan
Tampa,Tampian
New Orleans,New Orleanian
Charlotte,Charlottean
Raleigh,Raleighite
Salt Lake City,Salt Laker
St. Louis,St. Louisan
Kansas City,Kansas Citian
San Jose,San Josean
Indianapolis,Indianapolitan
Cleveland,Clevelander
Columbus,Columbusite
Pittsburgh,Pittsburger
Honolulu,Honolulan
Milwaukee,Milwaukeean
Albuquerque,Albuquerquian
Memphis,Memphian
Hartford,Hartfordite
Louisville,Louisvillian
Tucson,Tucsonian
Oklahoma City,Oklahoman
Baltimore,Baltimorean
Buffalo,Buffalonian
El Paso,El Pasoan
Fresno,Fresnan
Jacksonville,Jacksonvillian
Richmond,Richmondite
Omaha,Omahan
Boise,Boisean
Anchorage,Anchoragean
Harrisburg,Harrisburger
Providence,Providencean
Topeka,Topekan
Little Rock,Little Rockian
Montgomery,Montgomeryite
Jackson,Jacksonian
Des Moines,Des Moinesian
Juneau,Juneauan
Tallahassee,Tallahassean
Madison,Madisonian
Dover,Doverite
Cheyenne,Cheyennite
Santa Fe,Santa Fean
Helena,Helenan
Concord,Concordian
Montpelier,Montpelierite
Augusta,Augustan
Olympia,Olympian
Salem,Salemite
Carson City,Carsonite
Bismarck,Bismarcker
Pierre,Pierrian
Lincoln,Lincolnian
Trenton,Trentonian
Albany,Albanyite
Annapolis,Annapolitan
Columbia,Columbian
Springfield,Springfieldian
St. Paul,St. Paulite
Sacramento,Sacramentan
Oakland,Oaklander
Mumbai,Mumbaikar
New Delhi,Delhiite
Kolkata,Kolkatan
Chennai,Chennaite
Bangalore,Bangalorean
Hyderabad,Hyderabadi
Pune,Punekar
Ahmedabad,Ahmedabadi
Jaipur,Jaipurite
Lucknow,Lucknowite
Chandigarh,Chandigarhian
Bhopal,Bhopali
Indore,Indorean
Patna,Patnaites
Kochi,Kochiite
Kanpur,Kanpuriya
Vadodara,Vadodarian
Nagpur,Nagpurian
Surat,Surati
Amritsar,Amritsari
Varanasi,Varanasian
Agra,Agraite
Coimbatore,Coimbatorian
Visakhapatnam,Vizagite
Thiruvananthapuram,Thiruvananthapuramite
Guwahati,Guwahatian
Bhubaneswar,Bhubaneswarian
Ranchi,Ranchite
Kozhikode,Kozhikodean
Puducherry,Puducherrian
Shimla,Shimlite
Dehradun,Dehradunian
Jammu,Jammuite
Srinagar,Srinagari
Itanagar,Itanagari
Imphal,Imphalian
Agartala,Agartalian
Kohima,Kohimite
Dispur,Dispurian
Gangtok,Gangtokian
Panaji,Panajian
Raipur,Raipurian
Dharamshala,Dharamshalite
Bilaspur,Bilaspurian
Jabalpur,Jabalpurian
Kota,Kotian
Jodhpur,Jodhpurian
Udaipur,Udaipurian
Gwalior,Gwaliorian
Rajkot,Rajkotian
Nashik,Nashikar
Kolhapur,Kolhapurian
Vijayawada,Vijayawadian
Paris,Parisian
London,Londoner
Sydney,Sydneysider
Toronto,Torontonian
Dubai,Dubaiite
Cairo,Cairene
Tokyo,Tokyoite
Moscow,Muscovite
Berlin,Berliner
Rio de Janeiro,Carioca
Buenos Aires,Porteño
Cape Town,Capetonian
Dublin,Dubliner
Amsterdam,Amsterdammer
Vienna,Viennese
Prague,Praguer
Athens,Athenian
Istanbul,Istanbulite
Singapore,Singaporean
Bangkok,Bangkokian
Seoul,Seoulite
Beijing,Beijinger
Shanghai,Shanghainese
Madrid,Madrilenian
Lisbon,Lisboner
Budapest,Budapester
Warsaw,Varsovian
Oslo,Oslovian
Stockholm,Stockholmer
Helsinki,Helsinkian
Copenhagen,Copenhagener
Vancouver,Vancouverite
Melbourne,Melburnian
Auckland,Aucklander
Wellington,Wellingtonian
Johannesburg,Johannesburger
Nairobi,Nairobian
Mauritius,Mauritian
Lima,Limeño
Bogota,Bogotano
Santiago,Santiaguino
Montevideo,Montevideano
Asuncion,Asuncionense
Caracas,Caraqueño
Quito,Quiteño
Sao Paulo,Paulistano
Brasilia,Brasiliense
Mexico City,Chilango
Guadalajara,Tapatío
Monterrey,Regiomontano
Cancun,Cancunense
Panama City,Panameño
San Jose,Tico
San Salvador,Salvadorean
Tegucigalpa,Tegucigalpense
San Pedro Sula,Sampedrano
Managua,Managuan
San Juan,Sanjuanero
Havana,Habanero
Santo Domingo,Dominicano
Port-au-Prince,Port-au-Princien
Kingston,Kingstonian
Belize City,Belizean
Ottawa,Ottawan
Montreal,Montrealer
Quebec City,Quebecois
Calgary,Calgarian
Edmonton,Edmontonian
Brisbane,Brisbanite
Perth,Perthite
Adelaide,Adelaidian
Manila,Manileño
Jakarta,Jakartan
Kuala Lumpur,Kuala Lumpurian
Hanoi,Hanoian
Ho Chi Minh City,Saigonese
Phnom Penh,Phnom Penher
Yangon,Yangonite
Mandalay,Mandalayite
Phuket,Phuketian
Chiang Mai,Chiangmaian
Casablanca,Casablancan
Tunis,Tunisian
Rabat,Rabati
Algiers,Algerian
Rome,Roman
Milan,Milanese
Naples,Neapolitan
Florence,Florentine
Venice,Venetian
Turin,Turinese
Thessaloniki,Thessalonian
Ankara,Ankaran
Izmir,Izmirian
Antalya,Antalyan
Cork,Corkonian
Belfast,Belfastian
Glasgow,Glaswegian
Edinburgh,Edinburger
Manchester,Manchunian
Birmingham,Brummie
Liverpool,Liverpudlian
Leeds,Leedsite
Sheffield,Sheffielder
Bristol,Bristolian
Cardiff,Cardiffian
Rotterdam,Rotterdammer
The Hague,Hagenaar
Utrecht,Utrechter
Brussels,Bruxellois
Antwerp,Antwerpenaar
Bruges,Bruggeling
Ghent,Gentenaar
Barcelona,Barcelonian
Valencia,Valencian
Seville,Sevillian
Malaga,Malagueño
Bilbao,Bilbaino
Zurich,Zuricher
Geneva,Genevan
Bern,Berner
Basel,Basler
Graz,Grazer
Salzburg,Salzburger
Innsbruck,Innsbrucker
Brno,Brněnec
Ostrava,Ostravan
Debrecen,Debrecener
Szeged,Szegedian
Krakow,Krakower
Lodz,Lodzer
Gdansk,Gdanszczanin
Katowice,Katowician
Bergen,Bergenser
Trondheim,Tronder
Gothenburg,Gothenburger
Malmo,Malmoite
Tampere,Tamperian
Turku,Turkulainen
Aarhus,Aarhuser
Odense,Odenser
Reykjavik,Reykjaviker
Nicosia,Nicosian
Limassol,Limassolian
Jerusalem,Jerusalemite
Tel Aviv,Tel Avivian
Haifa,Haifan
Riyadh,Riyadhi
Jeddah,Jeddawi
Mecca,Meccan
Medina,Medinan
Abu Dhabi,Abu Dhabian
Doha,Qatari
Muscat,Muscati
Kuwait City,Kuwaiti
Manama,Bahraini
Amman,Ammani
Alexandria,Alexandrian
Giza,Gizaian
Luxor,Luxorian
Marrakech,Marrakchi
Fes,Fesi
Tangier,Tangerois
Oran,Oranian
Constantine,Constantinois
Sfax,Sfaxian
Sousse,Soussien
Tripoli,Tripolitanian
Benghazi,Benghazian
Misrata,Misratian
Tehran,Tehranian
Mashhad,Mashhadi
Isfahan,Esfahani
Baghdad,Baghdadi
Erbil,Erbili
Basra,Basran
Salalah,Salalahi
Sohar,Sohari
Sana'a,Sana'ani
Aden,Adeni
Taiz,Taizi
Beirut,Beiruti
Sidon,Sidonien
Damascus,Damascene
Aleppo,Aleppan
Homs,Homsi
Irbid,Irbidi
Aqaba,Aqabawi
Aswan,Aswani
Tabriz,Tabrizi
Najaf,Najafi
Nizwa,Nizwani
Mukalla,Mukallani
Dammam,Dammani
Tyre,Tyrian
Latakia,Latakian
Zarqa,Zarqawi
Karbala,Karbalai
Kota,Kotaite
Thane,Thaneite
Nashik,Nashikite
Aurangabad,Aurangabadi
Ludhiana,Ludhianvi
Ghaziabad,Ghaziabadi
Loni,Lonikar
Saharanpur,Saharanpuri
Hubli,Hublikar
Jalandhar,Jalandhari
Gorakhpur,Gorakhpuri
Gulbarga,Gulbargan
Jhansi,Jhansian
Newcastle upon Tyne,Geordie
Nottingham,Nottinghamian
Leicester,Leicesterian
Coventry,Coventrian
Brighton,Brightonian
Southampton,Sotonian
Portsmouth,Portsmuthian
Norwich,Norwichian
Hull,Hullite
Plymouth,Plymothian
Stoke-on-Trent,Stokie
Wolverhampton,Wulfrunian
Derby,Derbyite
Swansea,Swansean
Aberdeen,Aberdonian
Dundee,Dundonian
Inverness,Invernesian
Bath,Bathonian
Cambridge,Cantabrigian
Oxford,Oxonian
York,Yorkist
Canterbury,Cantabrian
Durham,Durhamite
Exeter,Exonian
Lichfield,Lichfeldian
Truro,Truronian
Ripon,Riponian
Hereford,Herefordian
Wells,Wellian
Winchester,Winchsonian
Salisbury,Salisburian
Carlisle,Carlislian
Chester,Cestrian
Lancaster,Lancastrian
Chichester,Chichesterian
Peterborough,Peterborian
St Albans,Albanite
Wakefield,Wakefielder
Worcester,Worcesterite
Salford,Salfordian
Bradford,Bradfordian
Fort Worth,Fort Worther
Portland,Portlandian
Albuquerque,Albuquerquan
Tucson,Tucsonan
Fresno,Fresnoan
Mesa,Mesan
Long Beach,Long Beacher
Virginia Beach,Virginian
Tulsa,Tulsan
Arlington,Arlingtonian
Wichita,Wichitan
Bakersfield,Bakersfieldian
Tampa,Tampan
Aurora,Auroran
Anaheim,Anaheimer
Santa Ana,Santa Anan
Corpus Christi,Corpus Christian
Riverside,Riversider
St. Louis,St. Louisian
Lexington,Lexingtonian
Stockton,Stocktonian
Pittsburgh,Pittsburgher
Cincinnati,Cincinnatian
Greensboro,Greensborian
Toledo,Toledoan
Newark,Newarker
Plano,Planoite
Henderson,Hendersonian
Lincoln,Lincolnite
Jersey City,Jerseyan
Chula Vista,Chula Vistan
Fort Wayne,Fort Wayner
Chandler,Chandlerian
St. Petersburg,St. Petersburger
Laredo,Laredoan
Irvine,Irvinite
Norfolk,Norfolkian
Lubbock,Lubbockite
Gilbert,Gilbertian
Winston-Salem,Winston-Salemer
Glendale,Glendalian
Reno,Renoite
Hialeah,Hialeahan
Garland,Garlander
Chesapeake,Chesapeaker
Irving,Irvingite
North Las Vegas,North Las Vegan
Scottsdale,Scottsdalian
Baton Rouge,Baton Rougian
Fremont,Fremontian
Richmond,Richmonder
San Bernardino,San Bernardinoan
Spokane,Spokanite
Birmingham,Birminghamian
Modesto,Modestan
Des Moines,Des Moinesite
Rochester,Rochestrian
Tacoma,Tacomian
Fontana,Fontanan
Oxnard,Oxnardian
Moreno Valley,Moreno Valleyite
Fayetteville,Fayettevillian
Huntington Beach,Huntington Beacher
Yonkers,Yonker
Montgomery,Montgomeryan
Amarillo,Amarilloan
Akron,Akronite
Shreveport,Shreveporter
Mobile,Mobilian
Huntington,Huntingtonian
Grand Rapids,Grand Rapidian
Tallahassee,Tallahasseean
Huntsville,Huntsvillian
Grand Prairie,Grand Prairian
Knoxville,Knoxvillian
Newport News,Newport Newser
Brownsville,Brownsvillian
Overland Park,Overland Parker
Santa Clarita,Santa Claran
Garden Grove,Garden Grover
Chattanooga,Chattanoogan
Oceanside,Oceansider
Fort Lauderdale,Fort Lauderdalian
Santa Rosa,Santa Rosan
Rancho Cucamonga,Rancho Cucamongan
Port St. Lucie,Port St. Lucian
Ontario,Ontarian
Tempe,Tempian
Cape Coral,Cape Coralian
Sioux Falls,Sioux Faller
Springfield,Springfielder
Peoria,Peorian
Pembroke Pines,Pembroke Pinian
Elk Grove,Elk Grover
Corona,Coronian
Eugene,Eugenean
Palmdale,Palmdalian
Salinas,Salinasan
Pasadena,Pasadenian
Fort Collins,Fort Collinsian
Hayward,Haywardian
Pomona,Pomonan
Cary,Caryite
Rockford,Rockfordian
Escondido,Escondidian
McKinney,McKinneyan
Sunnyvale,Sunnyvaler
Joliet,Jolietan
Bridgeport,Bridgeporter
Lakewood,Lakewoodian
Hollywood,Hollywoodian
Torrance,Torrancian
Naperville,Napervillian
Winnipeg,Winnipegger
Hamilton,Hamiltonian
Kitchener,Kitchenerian
Victoria,Victorian
Saskatoon,Saskatonian
Halifax,Haligonian
St. John's,Newfoundlander
Regina,Reginan
Surrey,Surreyan
Kelowna,Kelownian
Burnaby,Burnabian
Markham,Markhamite
Vaughan,Vaughanian
Richmond Hill,Richmond Hillian
Burlington,Burlingtonian
Oshawa,Oshawan
Windsor,Windsorian
Laval,Lavallois
Longueuil,Longueuillois
Gatineau,Gatinois
Sherbrooke,Sherbrookois
Saguenay,Saguenéens
Levis,Levisiens
Trois-Rivieres,Trois-Rivierois
Abbotsford,Abbotsfordian
Sudbury,Sudburian
Barrie,Barrian
Guelph,Guelphite
Thunder Bay,Thunder Bayer
Waterloo,Waterluvian
Brantford,Brantfordian
Saint John,Saint Johner
Moncton,Monctonian
Red Deer,Red Deerian
Kamloops,Kamloopsian
Prince George,Prince Georgian
Medicine Hat,Medicine Hatter
Sault Ste. Marie,Saultite
Lethbridge,Lethbridgian
Nanaimo,Nanaimoite
Fredericton,Frederictonian
Vernon,Vernonian
Chilliwack,Chilliwackian
North Bay,North Bayer
Dartmouth,Dartmouther
St. Albert,St. Albertian
Sherwood Park,Sherwood Parker
Saint-Jerome,Saint-Jeromeite
Drummondville,Drummondvillian
New Westminster,New Westminstrian
Saint-Jean-sur-Richelieu,Saint-Jean-sur-Richelieuian
Saanich,Saanichian
Granby,Granbyite
St. Thomas,St. Thomasonian
Milton,Miltonian
Cobourg,Cobourger
Amherstburg,Amherstburger
Owen Sound,Owen Sounder
Port Alberni,Port Alberner
Campbell River,Campbell Riverian
Timmins,Timminsite
Courtenay,Courtenayite
Orillia,Orillian
Grande Prairie,Grande Prairian
New Glasgow,New Glaswegian
Woodstock,Woodstockian
Brandon,Brandonian
North Battleford,North Battlefordian
Vegreville,Vegrevillian
Stratford,Stratfordian
Rimouski,Rimouskois
Baie-Comeau,Baie-Comeauite
Penticton,Pentictonian
Swift Current,Swift Currentian
Val-d'Or,Val-d'Orite
Quinte West,Quinte Wester
Corner Brook,Corner Brooker
Prince Albert,Prince Albertian
Campbellton,Campbelltonian
Rouyn-Noranda,Rouyn-Norandian
Pembroke,Pembrokian
Yorkton,Yorktonite
Joliette,Jolietteite
Portage la Prairie,Portage la Prairian
Kenora,Kenorite
Cranbrook,Cranbrookian
Thompson,Thompsonite
Fort St. John,Fort St. Johner
Camrose,Camrosian
Lloydminster,Lloydminsterian
Selkirk,Selkirker
Parry Sound,Parry Sounder
Slave Lake,Slave Laker
Sydney,Sydney-sider
Gold Coast,Gold Coaster
Newcastle upon Tyne,Novocastrian
Canberra,Canberran
Hobart,Hobartian
Darwin,Darwinian
Cairns,Cairnsite
Geelong,Geelongite
Townsville,Townsvillian
Ballarat,Ballarater
Bendigo,Bendigonian
Mackay,Mackayite
Toowoomba,Toowoomban
Rockhampton,Rockhamptonian
Launceston,Launcestrian
Albury,Alburian
Maitland,Maitlandian
Nowra,Nowran
Bunbury,Bunburian
Gladstone,Gladstonian
Mildura,Milduran
Shepparton,Sheppartonian
Warrnambool,Warrnamboolite
Sunbury,Sunburian
Dubbo,Dubbonian
Geraldton,Geraldtonian
Busselton,Busseltonite
Wagga Wagga,Wagga Waggan
Devonport,Devonportian
Alice Springs,Alice Springer
Mount Gambier,Mount Gambierian
Kalgoorlie,Kalgoorlian
Wollongong,Wollongongite
Maroochydore,Maroochydorean
Bundaberg,Bundaberger
Coffs Harbour,Coffs Harbourian
Bathurst,Bathurstian
Lismore,Lismorean
Kalbarri,Kalbarrian
Esperance,Esperancian
Port Hedland,Port Hedlandian
Karratha,Karrathan
Taree,Tareean
Gympie,Gympian
Maryborough,Maryboroughian
Bowral,Bowralian
Yeppoon,Yeppoonian
Murray Bridge,Murray Bridger
Colac,Colacian
Warragul,Warragulian
Bairnsdale,Bairnsdalian
Mount Isa,Mount Isan
Nambour,Nambourite
Grafton,Graftonian
Lara,Larain
Port Douglas,Port Douglasian
Innisfail,Innisfailite
Wingham,Winghamian
Warwick,Warwickian
Merimbula,Merimbulan
Sale,Saler
Forbes,Forbesian
Emerald,Emeraldian
Morwell,Morwellian
Naracoorte,Naracoortean
Cooma,Cooman
Port Augusta,Port Augustan
Mount Barker,Mount Barkerian
Kiama,Kiaman
Tumut,Tumutian
Kingaroy,Kingaroyan
Yass,Yassite
Tenterfield,Tenterfielder
Katanning,Katanningite
Malanda,Malandaian
Dalby,Dalbyan
Warburton,Warburtonian
Beaudesert,Beaudesertian
Kerang,Kerangian
Barcaldine,Barcaldinian
Ouyen,Ouyenite
Charleville,Charlevillian
Stawell,Stawellian
Carnarvon,Carnarvonian
Omeo,Omeoan
Leeton,Leetonian
Moranbah,Moranbahite
Boonah,Boonahian
Esk,Eskite
Merredin,Merredinian
Christchurch,Christchurchian
Tauranga,Taurangan
Dunedin,Dunedinite
Palmerston North,Palmerstonian
Napier,Napierite
Hastings,Hastingsite
New Plymouth,New Plymouthite
Rotorua,Rotoruan
Whangarei,Whangareian
Nelson,Nelsonian
Invercargill,Invercargillian
Upper Hutt,Upper Huttian
Lower Hutt,Lower Huttian
Porirua,Poriruan
Pukekohe,Pukekoheite
Tokoroa,Tokoroan
Ashburton,Ashburtonian
Masterton,Mastertonian
Timaru,Timaruian
Levin,Levinian
Gisborne,Gisbornian
Blenheim,Blenheimite
Taupo,Taupoan
Greymouth,Greymouthian
Wanaka,Wanakan
Queenstown,Queenstowner
Oamaru,Oamaruan
Thames,Thamesite
Kerikeri,Kerikerian
Westport,Westporter
Te Awamutu,Te Awamutuan
Waiuku,Waiukuan
Motueka,Motuekan
Cambridge,Cambridgian
Hokitika,Hokitikan
Feilding,Feildingite
Waihi,Waihian
Cromwell,Cromwellian
Taumarunui,Taumarunuite
Picton,Pictonian
Te Kuiti,Te Kuitian
Waipukurau,Waipukurauite
Waipawa,Waipawian
Marton,Martonian
Dargaville,Dargavillian
Otorohanga,Otorohangan
Eltham,Elthamite
Reefton,Reeftonian
Foxton,Foxtonite
Temuka,Temukan
Warkworth,Warkworthian
Winton,Wintonian
Opunake,Opunakian
Wakefield,Wakefieldian
Rolleston,Rollestonian
Raetihi,Raetihian
Snells Beach,Snells Beachian
Leeston,Leestonian
Takaka,Takakan
Cheviot,Cheviotian
Murupara,Muruparan
Pleasant Point,Pleasant Pointer
Tapanui,Tapanuite
Kaikoura,Kaikouran
Ngaruawahia,Ngaruawahan
Te Anau,Te Anauan
Woodend,Woodendian
Paihia,Paihian
Fox Glacier,Fox Glacierian
Havelock North,Havelock Norther
Helensville,Helensvillean
Amberley,Amberleyite
Waihi Beach,Waihi Beachian
Karori,Karorian
Toko,Tokonian
Blackball,Blackballian
Haast,Haastian
Port Chalmers,Port Chalmersian
Roxburgh,Roxburghian
Waimate,Waimatean
Te Kauwhata,Te Kauwhatian
Mangawhai,Mangawhaian
Fairlie,Fairlieite
Moerewa,Moerewan
Katikati,Katikatian
Kaiapoi,Kaiapoian
Manapouri,Manapourian
Wairoa,Wairoan
Te Araroa,Te Araroan
Methven,Methvenian
Waimangaroa,Waimangaroan
Yokohama,Yokohaman
Osaka,Osakan
Nagoya,Nagoyan
Sapporo,Sapporoan
Fukuoka,Fukuokan
Kobe,Kobean
Kyoto,Kyotoite
Kawasaki,Kawasakian
Saitama,Saitaman
Hiroshima,Hiroshiman
Sendai,Sendaian
Kitakyushu,Kitakyushuan
Chiba,Chiban
Sakai,Sakaian
Shizuoka,Shizuokan
Okayama,Okayaman
Kumamoto,Kumamotoan
Kanazawa,Kanazawan
Matsuyama,Matsuyaman
Kochi,Kochian
Oita,Oitan
Kagoshima,Kagoshiman
Naha,Nahan
Kofu,Kofuan
Tokushima,Tokushiman
Akita,Akitan
Aomori,Aomorian
Morioka,Moriokan
Fukushima,Fukushiman
Niigata,Niigatan
Toyama,Toyaman
Tottori,Tottorian
Shimane,Shimanian
Yamaguchi,Yamaguchian
Ehime,Ehimean
Yamanashi,Yamanashian
Fukui,Fukuian
Ishikawa,Ishikawan
Shiga,Shigan
Nara,Naran
Wakayama,Wakayaman
Kagawa,Kagawan
Matsue,Matsuean
Yamagata,Yamagatan
Iwate,Iwatean
Miyagi,Miyagian
Tochigi,Tochigian
Gunma,Gunman
Nagano,Naganian
Hyogo,Hyogan
Saga,Sagan
Nagasaki,Nagasakan
Miyazaki,Miyazakian
Okinawa,Okinawan
Miyako,Miyakoan
Ishigaki,Ishigakian
Kumejima,Kumejiman
Naze,Nazean
Ariake,Ariakean
Kozushima,Kozushiman
Futtsu,Futtsuan
Shingu,Shinguan
Mito,Mitoan
Kashima,Kashiman
Tsuruoka,Tsuruokan
Nagaoka,Nagaokan
Shibukawa,Shibukawan
Nasushiobara,Nasushiob
St. Petersburg,Petersburger
Novosibirsk,Novosibirskian
Yekaterinburg,Yekaterinburger
Nizhny Novgorod,Nizhny Novgorodian
Kazan,Kazanite
Chelyabinsk,Chelyabinsker
Omsk,Omsker
Samara,Samaraite
Rostov-on-Don,Rostovian
Ufa,Ufan
Krasnoyarsk,Krasnoyarsker
Perm,Permer
Voronezh,Voronezher
Volgograd,Volgograder
Saratov,Saratovian
Krasnodar,Krasnodarian
Tolyatti,Tolyattian
Izhevsk,Izhevskian
Barnaul,Barnauler
Ulyanovsk,Ulyanovskian
Tyumen,Tyumenite
Vladivostok,Vladivostokian
Khabarovsk,Khabarovskian
Orenburg,Orenburger
Novokuznetsk,Novokuznetsker
Kemerovo,Kemerovian
Ryazan,Ryazanian
Tomsk,Tomskian
Astrakhan,Astrakhanian
Penza,Penzan
Naberezhnye Chelny,Naberezhnye Chelnian
Lipetsk,Lipetsker
Tula,Tulan
Kirov,Kirovian
Cheboksary,Cheboksaryan
Kaliningrad,Kaliningrader
Bryansk,Bryansker
Ivanovo,Ivanovian
Magnitogorsk,Magnitogorsker
Kursk,Kursker
Nizhnevartovsk,Nizhnevartovskian
Kurgan,Kurganian
Nalchik,Nalchiker
Kostroma,Kostromer
Volzhsky,Volzhskian
Taganrog,Taganrogian
Sterlitamak,Sterlitamaker
Angarsk,Angarsker
Yoshkar-Ola,Yoshkar-Olan
Tver,Tverian
Korolev,Korolever
Makhachkala,Makhachkalan
Arkhangelsk,Arkhangelsker
Kaluga,Kalugan
Surgut,Surguter
Sochi,Sochian
Smolensk,Smolensker
Vladikavkaz,Vladikavkazian
Cherepovets,Cherepovetsian
Chita,Chitan
Vladimir,Vladimirian
Nizhnekamsk,Nizhnekamsker
Novorossiysk,Novorossiysker
Khimki,Khimmker
Almetyevsk,Almetyevskian
Kovrov,Kovrovan
Pyatigorsk,Pyatigorsker
Yakutsk,Yakutskian
Bratsk,Bratsker
Belgorod,Belgorodian
Veliky Novgorod,Veliky Novgorodian
Nakhodka,Nakhodkan
Chernihiv,Chernihiver
Balakovo,Balakovian
Kolomna,Kolomnan
Armavir,Armavirian
Ussuriysk,Ussuriysker
Biysk,Biysker
Blagoveshchensk,Blagoveshchensker
Komsomolsk-on-Amur,Komsomolsk-on-Amurian
Mikhailovsky,Mikhailovskian
Vyazma,Vyazman
Severodvinsk,Severodvinsker
Norilsk,Norilskian
Zhukovsky,Zhukovskian
Rybinsk,Rybinsker
Novocheboksarsk,Novocheboksarsker
Yuzhno-Sakhalinsk,Yuzhno-Sakhalinskian
Berezniki,Berezniker
Anapa,Anapan
Novocherkassk,Novocherkassker
Novomoskovsk,Novomoskovskian
Gubkin,Gubkinian
Rubtsovsk,Rubtsovskian
Elista,Elistan
Kaspiysk,Kaspiysker
Tikhoretsk,Tikhoretsker
Labinsk,Labinsker
Kamyshin,Kamyshinian
Syktyvkar,Syktyvkaran
Abakan,Abakanian
Murom,Muroman
Novokuybyshevsk,Novokuybyshevskian
Miass,Miassian
Novozybkov,Novozybkovian
Prokopyevsk,Prokopyevskian
Krasnokamensk,Krasnokamensker
Birobidzhan,Birobidzhanian
Gukovo,Gukovian
Zheleznogorsk,Zheleznogorsker
Nizhny Tagil,Nizhny Tagilian
Engels,Engelsian
Kyshtym,Kyshtymer
Guangzhou,Guangzhouite
Shenzhen,Shenzhener
Tianjin,Tianjiner
Chongqing,Chongqinger
Hangzhou,Hangzhounese
Nanjing,Nanjinger
Wuhan,Wuhanese
Chengdu,Chengdunese
Xi'an,Xi'anese
Suzhou,Suzhounese
Shenyang,Shenyanger
Dalian,Dalianer
Harbin,Harbiner
Qingdao,Qingdaonese
Zhengzhou,Zhengzhounese
Jinan,Jinanes
Changsha,Changshanese
Nanning,Nanningese
Hefei,Hefeier
Nanchang,Nanchanger
Kunming,Kunminger
Fuzhou,Fuzhouer
Xiamen,Xiamener
Wuxi,Wuxian
Changzhou,Changzhounese
Ningbo,Ningboer
Taiyuan,Taiyuanese
Hohhot,Hohhoter
Lanzhou,Lanzhouer
Urumqi,Urumqier
Guiyang,Guiyanger
Lhasa,Lhasan
Haikou,Haikouer
Hainan,Hainanese
Huangshi,Huangshier
Luoyang,Luoyanger
Xuzhou,Xuzhouer
Foshan,Foshaner
Zhuhai,Zhuhaier
Jilin,Jiliner
Nantong,Nantonger
Huaian,Huaianer
Yangzhou,Yangzhouer
Zhenjiang,Zhenjianger
Huaian,Huai'aner
Xinyang,Xinyanger
Shijiazhuang,Shijiazhuanger
Changde,Changdean
Yiyang,Yiyanger
Xiantao,Xiantaoer
Yinchuan,Yinchuaner
Baotou,Baotouer
Huainan,Huainaner
Xiangyang,Xiangyanger
Huanggang,Huangganger
Wuhan,Wuhaner
Changsha,Changshaer
Liuzhou,Liuzhouer
Jinjiang,Jinjianger
Zhangzhou,Zhangzhouer
Wenzhou,Wenzhouer
Nanping,Nanpinger
Xining,Xininger
Dongguan,Dongguaner
Jiaxing,Jiaxinger
Hengyang,Hengyanger
Huzhou,Huzhouer
Zunyi,Zunyier
Lijiang,Lijianger
Baoding,Baodinger
Liaocheng,Liaochenger
Xingtai,Xingtaier
Anshan,Anshaner
Qinhuangdao,Qinhuangdaonese
Yantai,Yantaier
Taizhou,Taizhouer
Yangjiang,Yangjianger
Ma'anshan,Ma'anshaner
Jinzhou,Jinzhouser
Benxi,Benxier
Fushun,Fushuner
Fuxin,Fuxiner
Yingkou,Yingkouer
Panjin,Panjiner
Zibo,Ziboer
Hengshui,Hengshuier
Handan,Handaner
Eindhoven,Eindhovenaar
Tilburg,Tilburger
Groningen,Groninger
Almere,Almeerder
Breda,Bredanaar
Nijmegen,Nijmegenaar
Enschede,Enschedeër
Haarlem,Haarlemmer
Arnhem,Arnhemmer
Zaanstad,Zaandammer
Amersfoort,Amersfoorter
Apeldoorn,Apeldoorner
s-Hertogenbosch,Den Boschenaar
Zwolle,Zwollenaar
Maastricht,Maastrichtenaar
Leiden,Leidenaar
Dordrecht,Dordtenaar
Leeuwarden,Leeuwarder
Emmen,Emmenaar
Alkmaar,Alkmaarder
Sittard-Geleen,Sittardenaar
Heerlen,Heerlenaar
Gouda,Gouwenaar
Hilversum,Hilversummer
Amstelveen,Amstelvener
Roosendaal,Roosendaler
Purmerend,Purmerender
Oss,Ossenaar
Schiedam,Schiedammer
Spijkenisse,Spijkenisser
Vlaardingen,Vlaardinger
Venlo,Venlonaar
Hoorn,Hoornaar
Zoetermeer,Zoetermeerder
Delft,Delftenaar
Alphen aan den Rijn,Alphenaar
Lelystad,Lelystedeling
Hengelo,Hengeloër
Weert,Weertenaar
Kampen,Kampenaar
Heerhugowaard,Heerhugowaarder
Sneek,Sneker
Oosterhout,Oosterhouter
Gorinchem,Gorinchemer
Ijsselstein,Ijsselsteiner
Zwijndrecht,Zwijndrechtenaar
Meppel,Meppeler
Goes,Goesenaar
Drachten,Drachtster
Edam-Volendam,Edammer
Maassluis,Maassluizer
Wijchen,Wijchenaar
Maarssen,Maarssenaar
Oldenzaal,Oldenzaler
Beverwijk,Beverwijker
Doetinchem,Doetinchemer
Boxmeer,Boxmerenaar
Terneuzen,Terneuzenaar
Drimmelen,Drimmelenaar
Hoogeveen,Hoogeveener
Veghel,Veghelaar
Losser,Lossernaar
Barneveld,Barnevelder
Oud-Beijerland,Oud-Beijerlander
Rhenen,Rhenenaar
Bergen op Zoom,Bergenaar
Hoofddorp,Hoofddorper
Steenwijk,Steenwijker
Culemborg,Culemborger
Zeewolde,Zeewoldenaar
Houten,Houtenaar
Rijswijk,Rijswijker
Lisse,Lissenaar
Veldhoven,Veldhovenaar
Leidschendam,Leidschendammer
Helmond,Helmonder
Heerenveen,Heerenveener
Aalten,Aaltenaar
Aalsmeer,Aalsmeerder
Alblasserdam,Alblasserdammer
Anloo,Anloër
Appingedam,Appingedammer
Barendrecht,Barendrechter
Beek,Beekenaar
Beesel,Beeselenaar
Bergeijk,Bergeijkenaar
Bergen,Bergenaar
Berkelland,Berkellander
Bernheze,Bernhezer
Best,Bestenaar
Bladel,Bladelnaar
Bodegraven,Bodegravenaar
Boekel,Boekelnaar
Borger-Odoorn,Borger-Odoorner
Borsele,Borselenaar
Boxtel,Boxtelnaar
Brielle,Briellenaar
Bronckhorst,Bronckhorster
Brummen,Brummenaar
Bunschoten,Bunschotenaar
Buren,Burenaar
Capelle aan den IJssel,Capellenaar
Castricum,Castricummer
Coevorden,Coevordenaar
Cranendonck,Cranendoncker
Cromstrijen,Cromstrijenaar
Cuijk,Cuijkenaar
Dalfsen,Dalfsenaar
Dantumadiel,Dantumadieler
De Bilt,De Biltenees
De Friese Meren,De Friesemerenaar
Delfzijl,Delfzijler
Deurne,Deurnenaar
Deventer,Deventernaar
Diemen,Diemenaar
Dinkelland,Dinkellander
Doesburg,Doesburger
Dongeradeel,Dongeradeler
Drechterland,Drechterlander
Dronten,Drontenaar
Drunen,Drunenaar
Duiven,Duivenaar
Ede,Edenaar
Eemsmond,Eemsmonder
Eersel,Eerselnaar
Eijsden-Margraten,Eijsden-Margratenaar
Durban,Durbanite
Pretoria,Pretorian
Port Elizabeth,Port Elizabethan
Bloemfontein,Bloemfonteiner
Pietermaritzburg,Pietermaritzburger
East London,East Londoner
Vereeniging,Vereeniginger
Soweto,Sowetan
Kimberley,Kimberlite
Rustenburg,Rustenburger
Polokwane,Polokwanian
Nelspruit,Nelspruiter
Mbombela,Mbombelan
Emalahleni,Emalahlenian
Klerksdorp,Klerksdorper
George,Georgian
Port Shepstone,Port Shepstonian
Paarl,Paarlian
Brits,Britsian
Witbank,Witbanker
Potchefstroom,Potchefstroomer
Vryheid,Vryheider
Uitenhage,Uitenhager
Welkom,Welkomian
Queenstown,Queenstonian
Benoni,Benonian
Mafikeng,Mafikenger
Vanderbijlpark,Vanderbijlparkian
Richards Bay,Richards Bayer
Krugersdorp,Krugersdorpian
Brakpan,Brakpanian
Bethlehem,Bethlehemite
Sasolburg,Sasolburger
Middelburg,Middelburger
Grahamstown,Grahamstonian
Harrismith,Harrismither
Volksrust,Volksruster
Swellendam,Swellendamer
Mossel Bay,Mossel Bayer
Stellenbosch,Stellenboscher
Knysna,Knysnian
Secunda,Secundan
Barberton,Barbertonian
Mokopane,Mokopaner
Potgietersrus,Potgietersruser
Heidelberg,Heidelberger
Worcester,Worcestrian
Rondebosch,Rondeboscher
Parys,Parysian
Malmesbury,Malmesburian
Komatipoort,Komatipoorter
Hermanus,Hermanusian
Nieuwoudtville,Nieuwoudtvilleer
Calvinia,Calvinian
Sutherland,Sutherlander
Gordons Bay,Gordons Bayer
Piketberg,Piketberger
Riversdale,Riversdaler
Ceres,Ceresian
Swartland,Swartlander
Robertson,Robertsonian
Beaufort West,Beaufort Wester
Ladysmith,Ladysmither
Umkomaas,Umkomaaser
Graaff-Reinet,Graaff-Reinetan
Napier,Napierian
Jacobsdal,Jacobsdaler
Vryburg,Vryburger
Eshowe,Eshoweer
Amanzimtoti,Amanzimtotian
Fochville,Fochviller
Atlantis,Atlantean
Kuruman,Kurumaner
Mamelodi,Mamelodian
Giyani,Giyanian
Lebowakgomo,Lebowakgomor
Stilfontein,Stilfonteiner
Lutzville,Lutzviller
Karachi,Karachiite
Lahore,Lahori
Faisalabad,Faisalabadi
Rawalpindi,Rawalpindian
Multan,Multanite
Islamabad,Islamabadi
Gujranwala,Gujranwalaite
Sialkot,Sialkoti
Bahawalpur,Bahawalpuri
Sargodha,Sargodhian
Gujrat,Gujrati
Sheikhupura,Sheikhupurian
Jhang,Jhangvi
Larkana,Larkanvi
Sahiwal,Sahiwalite
Dera Ghazi Khan,Dera Ghazi Khanian
Abbottabad,Abbottabadi
Sukkur,Sukkurite
Dera Ismail Khan,Dera Ismail Khanian
Quetta,Quettawala
Mardan,Mardani
Kohat,Kohati
Swabi,Swabian
Mingora,Mingorite
Okara,Okarai
Mirpur,Mirpuri
Chiniot,Chinioti
Kamoke,Kamokian
Sadiqabad,Sadiqabadi
Hafizabad,Hafizabadi
Jacobabad,Jacobabadi
Kasur,Kasurian
Muzaffargarh,Muzaffargarhi
Bahawalnagar,Bahawalnagari
Mandi Bahauddin,Mandi Bahauddini
Pakpattan,Pakpattani
Burewala,Burewalian
Jhelum,Jhelumi
Hunza,Hunzai
Bannu,Bannuchi
Haveli,Havelian
Chakwal,Chakwali
Pindi Gheb,Pindi Ghebi
Sibi,Sibiwala
Timergara,Timergarai
Kotli,Kotliwala
Charsadda,Charsaddi
Jauharabad,Jauharabadi
Haripur,Haripuri
Karak,Karakwal
Kohlu,Kohluvi
Tank,Tankwala
Mehar,Mehari
Umerkot,Umerkoti
Turbat,Turbati
Chaman,Chamani
Kalat,Kalati
Khuzdar,Khuzdari
Gwadar,Gwadari
Hub,Hubbi
Jampur,Jampuri
Kharan,Kharani
Loralai,Loralaiwala
Dera Allahyar,Dera Allahyari
Dera Murad Jamali,Dera Murad Jamaliwala
Kundian,Kundianwala
Shahdadkot,Shahdadkoti
Dipalpur,Dipalpuri
Kunri,Kunriwala
Nushki,Nushkiwala
Hala,Halai
Usta Muhammad,Usta Muhammadwala
Tando Adam,Tando Adami
Kabirwala,Kabirwalian
Shahdadpur,Shahdadpuri
Tando Allahyar,Tando Allahyari
Dadu,Daduwala
Tando Muhammad Khan,Tando Muhammad Khani
Khairpur,Khairpuri
Tando Jam,Tando Jamwala
Jamshoro,Jamshori
Moro,Moroi
Tando Mohd Khan,Tando Mohd Khani
Ghotki,Ghotkiwala
Tando Gulzar,Tando Gulzari
Kamber Ali Khan,Kamber Ali Khani
Kashmore,Kashmori
Kandhkot,Kandhkoti
Ratodero,Ratoderi
Daharki,Daharkiwala
Tank,Tankw
Hamburg,Hamburger
Munich,Münchner
Cologne,Kölner
Frankfurt,Frankfurter
Stuttgart,Stuttgarter
Düsseldorf,Düsseldorfer
Dortmund,Dortmunder
Essen,Essener
Leipzig,Leipziger
Bremen,Bremer
Dresden,Dresdner
Hanover,Hannoveraner
Nuremberg,Nürnberger
Duisburg,Duisburger
Bochum,Bochumer
Wuppertal,Wuppertaler
Bielefeld,Bielefelder
Bonn,Bonner
Münster,Münsteraner
Karlsruhe,Karlsruher
Mannheim,Mannheimer
Augsburg,Augsburger
Wiesbaden,Wiesbadener
Gelsenkirchen,Gelsenkirchener
Mönchengladbach,Mönchengladbacher
Braunschweig,Braunschweiger
Kiel,Kieler
Aachen,Aachener
Chemnitz,Chemnitzer
Halle (Saale),Haller
Magdeburg,Magdeburger
Freiburg im Breisgau,Freiburger
Krefeld,Krefelder
Lübeck,Lübecker
Oberhausen,Oberhausener
Erfurt,Erfurter
Mainz,Mainzer
Rostock,Rostocker
Kassel,Kasseler
Hagen,Hagener
Hamm,Hammer
Saarbrücken,Saarbrücker
Mülheim an der Ruhr,Mülheimer
Potsdam,Potsdamer
Ludwigshafen,Ludwigshafener
Oldenburg,Oldenburger
Leverkusen,Leverkusener
Osnabrück,Osnabrücker
Solingen,Solinger
Herne,Herner
Neuss,Neusser
Darmstadt,Darmstädter
Paderborn,Paderborner
Regensburg,Regensburger
Ingolstadt,Ingolstädter
Würzburg,Würzburger
Wolfsburg,Wolfsburger
Ulm,Ulmer
Offenbach am Main,Offenbacher
Heilbronn,Heilbronner
Pforzheim,Pforzheimer
Göttingen,Göttinger
Bottrop,Bottroper
Trier,Trierer
Recklinghausen,Recklinghausener
Reutlingen,Reutlinger
Bremerhaven,Bremerhavener
Koblenz,Koblenzer
Bergisch Gladbach,Bergisch Gladbacher
Jena,Jenaer
Remscheid,Remscheider
Erlangen,Erlanger
Moers,Moerser
Siegen,Siegener
Hildesheim,Hildesheimer
Salzgitter,Salzgitteraner
Cottbus,Cottbuser
Gera,Geraer
Kaiserslautern,Kaiserslauterer
Witten,Wittener
Schwerin,Schweriner
Gütersloh,Gütersloher
Iserlohn,Iserlohner
Zwickau,Zwickauer
Düren,Dürener
Flensburg,Flensburger
Herford,Herforder
Neumünster,Neumünsteraner
Ratingen,Ratinger
Lünen,Lüner
Villingen-Schwenningen,Villingen-Schwenninger
Minden,Mindener
Marl,Marler
Velbert,Velberter
Worms,Wormser
Neubrandenburg,Neubrandenburger
Dorsten,Dorstener
Waiblingen,Waiblinger
Celle,Celler
Rheine,Rheinenser
Herten,Hertener
Gießen,Gießener
Bergheim,Bergheimer
Rüsselsheim,Rüsselsheimer
Fulda,Fuldaer
Speyer,Speyerer
Castrop-Rauxel,Castrop-Rauxeler
Ravensburg,Ravensburger
Lörrach,Lörracher
Wesel,Weseler
Herzogenrath,Herzogenrather
Norderstedt,Norderstedter
Unna,Unnaer
Stralsund,Stralsunder
Frankenthal,Frankenthaler
Dormagen,Dormagener
Garbsen,Garbsener
Wilhelmshaven,Wilhelmshavener
Wetzlar,Wetzlarer
Neustadt an der Weinstraße,Neustadter
Lingen (Ems),Linger
Bamberg,Bamberger
Göppingen,Göppinger
Maintal,Maintaler
Saarlouis,Saarlouiser
Langenfeld,Langenfelder
Euskirchen,Euskirchener
Schwäbisch Gmünd,Schwäbisch Gmünder
Peine,Peiner
Landshut,Landshuter
Dülmen,Dülmener
Kamen,Kamener
Cuxhaven,Cuxhavener
Friedrichshafen,Friedrichshafener
Nordhorn,Nordhorner
Melle,Meller
Rastatt,Rastatter
Goslar,Goslarer
Stolberg,Stolberger
Sindelfingen,Sindelfinger
Hennef (Sieg),Hennefer
Meerbusch,Meerbuscher
Hattingen,Hattinger
Hameln,Hamelner
Homburg,Homburger
Werne,Werner
Bad Salzuflen,Bad Salzuflener
Pulheim,Pulheimer
Lahr/Schwarzwald,Lahrer
Gotha,Gothaer
Langenhagen,Langenhagener
Hof,Hofer
Offenburg,Offenburger
Menden,Mendener
Dubai,Dubaian
Sharjah,Sharjahi
Ajman,Ajmani
Ras Al Khaimah,Ras Al Khaimahi
Fujairah,Fujairawi
Umm Al-Quwain,Umm Al-Quwaini
Al Ain,Al Aini
Khor Fakkan,Khor Fakkani
Dibba Al-Fujairah,Dibba Al-Fujairawi
Dibba Al-Hisn,Dibba Al-Hisni
Al Dhaid,Al Dhaidi
Al Quoz,Al Quozi
Liwa Oasis,Liwa Oasian
Jebel Ali,Jebel Alian
Kalba,Kalbawi
Madinat Zayed,Madinat Zayedi
Al Hamriyah,Al Hamriyahi
Al Jazirah Al Hamra,Al Jazirah Al Hamrawi
Dhaid,Dhaidi
Al Madam,Al Madami
Mina Zayed,Mina Zayedi
Al Qusais,Al Qusaisi
Sopot,Sopotian
Kalisz,Kaliszan
Legnica,Legnican
Gliwice,Gliwician
Zabrze,Zabrzean
Bytom,Bytomer
Bielsko-Biala,Bielsko-Bialan
Olsztyn,Olsztynian
Rzeszow,Rzeszowian
Ruda Slaska,Ruda Slaskan
Rybnik,Rybnikan
Tychy,Tychan
Gorzow Wielkopolski,Gorzowian
Dabrowa Gornicza,Dabrowa Gornican
Elblag,Elblagan
Plock,Plockian
Opole,Opolean
Glogow,Glogowian
Siemianowice Slaskie,Siemianowice Slaskan
Tarnow,Tarnower
Chorzow,Chorzowan
Slupsk,Slupskian
Konin,Koninan
Piotrkow Trybunalski,Piotrkowian
Inowroclaw,Inowroclawian
Lubin,Lubinian
Swinoujscie,Swinoujscian
Ostrowiec Swietokrzyski,Ostrowiecan
Gniezno,Gnieznan
Suwalki,Suwalkian
Koscierzyna,Koscierzynian
Jaroslaw,Jaroslawian
Krosno,Krosnian
Nowy Sacz,Nowy Saczan
Ostrow Mazowiecka,Ostrow Mazowieckan
Wloclawek,Wloclawekian
Myslowice,Myslowican
Pszczyna,Pszczynan
Yefren,Yefrenian
Tajura,Tajurian
Bani Walid,Bani Walidian
Zuwara,Zuwaran
Murzuq,Murzuqan
Maradah,Maradian
Nawfaliyah,Nawfaliyahn
Zaltan,Zaltanian
Taknes,Taknesian
Janzour,Janzourian
Qasr Abu Hadi,Qasr Abu Hadian
Birak,Birakian
Ras al-Hilal,Ras al-Hilalian
Tazirbu,Tazirbuian
Al Khums,Al Khumsian
Tawergha,Tawerghan
Waddan,Waddanian
Ghat,Ghatian
Sabratha,Sabrathan
Ghadames,Ghadamesian
Gharyan,Gharyanian
Nalut,Naluti
Jadu,Jaduan
Tibesti,Tibestian
Sebha,Sebhawi
Zella,Zellawan
Brak,Braki
Ghadamis,Ghadamisian
Awjilah,Awjilah
Al Ujaylah,Al Ujaylahan
Al Jawsh,Al Jawshian
Jalu,Jaluian
Al Jaghbub,Al Jaghbubian
Tmassah,Tmassahian
El Agheila,El Agheilan
Zwara,Zwaraian
Gurdabiyah,Gurdabiyahn
Giza,Gizaean
Shubra El Kheima,Shubra El Kheiman
Port Said,Port Saidian
Suez,Suezian
Asyut,Asyutian
Tanta,Tantaean
Mansoura,Mansouran
Damietta,Damiettan
Aswan,Aswanian
Minya,Minyan
Damanhur,Damanhurian
Beni Suef,Beni Suefian
Sohag,Sohagian
Hurghada,Hurghadian
Zagazig,Zagazigian
Ismailia,Ismailian
Khosous,Khosousian
Kafr El Sheikh,Kafr El Sheikhan
Al Mahalla Al Kubra,Al Mahalla Al Kubran
Banha,Banhian
Qena,Qenian
Zifta,Ziftan
Fayoum,Fayouman
Shibin El Kom,Shibin El Koman
Al Arish,Al Arishian
Mallawi,Mallawian
Kafr El Dawwar,Kafr El Dawwaran
Dikirnis,Dikirnisan
Desouk,Desoukan
Bilbeis,Bilbeisian
Idfu,Idfuian
Al Kharijah,Al Kharijian
Al Badari,Al Badarian
Al Minufiyah,Al Minufiyan
Talkha,Talkhan
Ashmoun,Ashmounian
Samalut,Samalutian
Manfalut,Manfalutian
Bani Suwayf,Bani Suwayfan
Bilqas,Bilqasian
Bilbays,Bilbaysian
Rosetta,Rosettan
Badr,Badrian
Kafr El Zayat,Kafr El Zayatian
Minyat al-Qamh,Minyat al-Qamhian
Lisbon,Lisbonite
Munich,Munichite
Oslo,Osloite
Manchester,Manchesterian
Newcastle upon Tyne,Newcastleite
Thessaloniki,Thessalonikian
Adana,Adanian
Bursa,Bursan
Izmit,Izmitian
Eskisehir,Eskisehirian
Samsun,Samsunian
Trabzon,Trabzonite
Kayseri,Kayserian
Konya,Konyan
Gaziantep,Gaziantepian
Mersin,Mersinian
Denizli,Denizlian
Erbil,Erbilian
Baghdad,Baghdadian
Kirkuk,Kirkukian
Najaf,Najafian
Karachi,Karachian
Lahore,Lahorean
Faisalabad,Faisalabadian
Multan,Multanian
Peshawar,Peshawarian
Islamabad,Islamabadian
Sialkot,Sialkotian
Quetta,Quettan
Larkana,Larkanian
Bahawalpur,Bahawalpurian
Gujranwala,Gujranwalian
Dhaka,Dhakan
Chittagong,Chittagonian
Khulna,Khulnan
Rajshahi,Rajshahian
Barisal,Barisalian
Comilla,Comillian
Narayanganj,Narayanganjian
Rangpur,Rangpurian
Cox's Bazar,Cox's Bazarian
Mandalay,Mandalayan
Naypyidaw,Naypyidawian
Da Nang,Da Nangian
Hue,Hueian
Nha Trang,Nha Trangian
Can Tho,Can Thoian
Vung Tau,Vung Tauan
Phnom Penh,Phnom Penhian
Siem Reap,Siem Reapian
Sihanoukville,Sihanoukvillian
Battambang,Battambangian
Vientiane,Vientianer
Luang Prabang,Luang Prabangian
Pakse,Pakseian
Phonsavan,Phonsavanian
Bangui,Banguian
Brazzaville,Brazzavillian
Pointe-Noire,Pointe-Noirian
Kinshasa,Kinshasan
Lubumbashi,Lubumbashian
Goma,Goman
Kisangani,Kisanganian
Bukavu,Bukavuan
Mbuji-Mayi,Mbuji-Mayan
Kolwezi,Kolwezian
Tshikapa,Tshikapian
Matadi,Matadian
Mbandaka,Mbandakan
Kananga,Kanangan
Lisala,Lisalan
Kikwit,Kikwitian
Kindu,Kinduan
Bandundu,Bandunduan
Mwene-Ditu,Mwene-Dituan
Gemena,Gemenan
Mombasa,Mombasan
Kisumu,Kisumuan
Nakuru,Nakuruan
Eldoret,Eldoretian
Kampala,Kampalan
Entebbe,Entebbean
Gulu,Guluan
Lira,Liran
Jinja,Jinjan
Nyangoma,Nyangoman
Kigali,Kigalian
Butare,Butarean
Gisenyi,Gisenyian
Kibuye,Kibuyean
Gitarama,Gitaraman
Ruhengeri,Ruhengerian
Nzega,Nzegan
Kigoma,Kigoman
Mwanza,Mwanzan
Mbeya,Mbeyan
Arusha,Arushan
Dodoma,Dodoman
Morogoro,Morogoran
Tanga,Tangan
Moshi,Moshian
Zanzibar City,Zanzibari
Bujumbura,Bujumburan
Gitega,Gitegan
Ngozi,Ngozian
Ruyigi,Ruyigian
Rutana,Rutanian
Bubanza,Bubanzan
Bururi,Bururian
Johannesburg,Johannesburgian
Pietermaritzburg,Pietermaritzburgian
Newcastle,Newcastler
Kimberley,Kimberleyan
Uitenhage,Uitenhagean
Upington,Upingtonian
Kroonstad,Kroonstadite
Welkom,Welkoman
George,Georgean
Polokwane,Polokwaner
Vanderbijlpark,Vanderbijlparker
Phalaborwa,Phalaborwan
Nacala,Nacalan
Tete,Tetean
Nampula,Nampulan
Quelimane,Quelimanian
Beira,Beiran
Chimoio,Chimoiuan
Lichinga,Lichingan
Blantyre,Blantyrean
Lilongwe,Lilongwean
Mzuzu,Mzuzuan
Zomba,Zomban
Luchenza,Luchenzan
Karonga,Karongian
Mulanje,Mulanjean
Nkhata Bay,Nkhata Bayer
Nkhotakota,Nkhotakotan
Balaka,Balakan
Mangochi,Mangochian
Mchinji,Mchinjian
Salima,Saliman
Nsanje,Nsanjean
Monkey Bay,Monkey Bayer
Turin,Turinian
Bologna,Bolognese
Genoa,Genoese
Palermo,Palermoan
Bari,Barese
Catania,Catanian
Padua,Paduan
Trieste,Triestine
Verona,Veronese
Messina,Messinian
Reggio Calabria,Reggio Calabrian
Cagliari,Cagliarian
Foggia,Foggian
Rimini,Riminian
Brescia,Brescian
Livorno,Livornese
Pescara,Pescaran
Forli,Forlian
Piacenza,Piacentino
Andria,Andrian
Barletta,Barlettan
Civitavecchia,Civitavecchian
Velletri,Velletrian
Frosinone,Frosinonese
Matera,Materan
Lecce,Leccean
Brindisi,Brindisian
Cosenza,Cosenzan
Potenza,Potenzan
Avellino,Avellinese
Caserta,Casertan
Benevento,Beneventan
Agrigento,Agrigentan
Marsala,Marsalan
Caltanissetta,Caltanissettan
Vibo Valentia,Vibo Valentian
Aosta,Aostan
Como,Comasque
Bolzano,Bolzanese
Trento,Trentino
Cesena,Cesenese
Fano,Fanese
Jesi,Jesian
Macerata,Maceratan
San Severino Marche,San Severino Marchese
Fermo,Ferman
Ascoli Piceno,Ascoli Picenian
Foligno,Folignese
Terni,Ternano
Viterbo,Viterban
Rieti,Rietano
Tivoli,Tivolese
Anzio,Anziate
Mbabane,Mbabaner
Manzini,Manzinian
Lobamba,Lobamban
Hhohho,Hhohhoan
Shiselweni,Shiselwenian
Lubombo,Lubomboan
Bremerton,Bremertonian
Bellingham,Bellinghamite
Kennewick,Kennewicker
Pasco,Pasconian
Richland,Richlander
Wenatchee,Wenatcheean
Mount Vernon,Mount Vernonian
Anacortes,Anacortesian
Camas,Camasite
Longview,Longviewer
Pullman,Pullmanian
Lynden,Lyndener
Walla Walla,Walla Wallan
Port Angeles,Port Angelean
Sammamish,Sammamishian
Puyallup,Puyallupian
Sequim,Sequimite
Bonney Lake,Bonney Laker
Fife,Fifer
Edgewood,Edgewoodian
Washougal,Washougalite
Enumclaw,Enumclawian
Woodinville,Woodinvillean
Sumner,Sumnerian
Liberty Lake,Liberty Laker
Connell,Connellite
Selah,Selahite
Steilacoom,Steilacoomer
Cheney,Cheneyite
Ephrata,Ephratan
Toppenish,Toppenishian
Grandview,Grandviewer
Duvall,Duvallian
Pacific,Pacifician
College Place,College Placer
Fircrest,Fircrester
Airway Heights,Airway Heightsian
Normandy Park,Normandy Parker
North Bend,North Bender
Sunnyside,Sunnysider
Woodland,Woodlander
Ocean Shores,Ocean Shoresian
Snohomish,Snohomishian
Mill Creek,Mill Creeker
Ridgefield,Ridgefieldian
Prosser,Prosserite
Poulsbo,Poulsboan
Snoqualmie,Snoqualmiean
Gig Harbor,Gig Harborian
Tumwater,Tumwaterian
Batticaloa,Batticaloan
Mannar,Mannaran
Mullaitivu,Mullaitivuan
Jaffna,Jaffnan
Trincomalee,Trincomaleean
Kilinochchi,Kilinochchian
Vavuniya,Vavuniyan
Borella,Borellan
Matara,Mataran
Moratuwa,Moratuwan
Anuradhapura,Anuradhapuran
Badulla,Badullan
Matale,Matalean
Galle,Gallean
Hambantota,Hambantotan
Kandy,Kandyan
Negombo,Negomban
Ratnapura,Ratnapuran
Gampola,Gampolan
Kotte,Kottian
Valvettithurai,Valvettithuraian
Chavakachcheri,Chavakachcherian
Kalmunai,Kalmunaian
Point Pedro,Point Pedron
Chilaw,Chilawan
Kuliyapitiya,Kuliyapitiyan
Bentota,Bentotan
Ampara,Amparan
Polonnaruwa,Polonnaruwan
Mulleriyawa,Mulleriyawan
Horana,Horanan
Ginigathhena,Ginigathhenan
Kalutara,Kalutarann
Kalpitiya,Kalpitiyan
Kegalle,Kegallan
Kiribathgoda,Kiribathgodan
Kolonnawa,Kolonnawan
Kottawa,Kottawan
Maharagama,Maharagaman
Nawalapitiya,Nawalapitiyan
Nuwara Eliya,Nuwara Eliyan
Panadura,Panaduran
Peliyagoda,Peliyagodan
Pita Kotte,Pita Kottan
Piliyandala,Piliyandalan
Puttalam,Puttalaman
Sainthamaruthu,Sainthamaruthuan
Sri Jayewardenepura Kotte,Sri Jayewardenepura Kottan
Wattala,Wattalan
Weligama,Weligaman
Chinhoyi,Chinhoyian
Kadoma,Kadoman
Kwekwe,Kwekwian
Hwange,Hwangen
Mutare,Mutaren
Masvingo,Masvingon
Chiredzi,Chiredzin
Beitbridge,Beitbridger
Gwanda,Gwandan
Norton,Nortonian
Marondera,Maronderan
Ruwa,Ruwan
Gokwe,Gokwen
Victoria Falls,Victoria Fallsian
Chitungwiza,Chitungwizan
Gweru,Gwerun
Redcliff,Redcliffer
Karoi,Karoin
Kariba,Kariban
Chivhu,Chivhuan
Shurugwi,Shurugwin
Chipinge,Chipingen
Nyanga,Nyangian
Chegutu,Chegutuan
Banket,Banketian
